Rk,Player,From,To,Yrs,G,MP_total,FG,FGA,3P,3PA,FT,FTA,ORB,TRB_total,AST_total,STL,BLK,TOV,PF,PTS_total,FG%,3P%,FT%,MP,PTS,TRB,AST
1,Hassan Adams,2007,2007,1,61,495,75,135,0,1,24,36,35,77,13,17,4,22,47,174,.556,.000,.667,8.1,2.9,1.3,0.2
2,Rafael Addison,1992,1993,2,144,2339,369,843,21,83,113,146,110,297,121,51,39,110,234,872,.438,.253,.774,16.2,6.1,2.1,0.8
3,Maurice Ager,2008,2009,2,34,185,31,81,3,17,5,14,6,19,7,1,2,7,23,70,.383,.176,.357,5.4,2.1,0.6,0.2
4,Malik Allen,2008,2008,1,48,763,124,261,1,2,12,13,42,128,29,15,21,32,89,261,.475,.500,.923,15.9,5.4,2.7,0.6
5,Rafer Alston,2010,2010,1,27,766,95,277,28,87,44,54,9,75,104,27,5,61,50,262,.343,.322,.815,28.4,9.7,2.8,3.9
6,Alan Anderson,2014,2015,2,152,3517,389,925,157,458,174,219,71,379,164,104,16,122,295,1109,.421,.343,.795,23.1,7.3,2.5,1.1
7,Dan Anderson,1968,1969,2,103,3303,564,1171,0,0,298,411,382,1073,126,,,174,412,1426,.482,,.725,32.1,13.8,10.4,1.2
8,Greg Anderson,1991,1991,1,1,18,4,4,0,0,0,0,4,6,1,2,0,1,4,8,1.000,,,18.0,8.0,6.0,1.0
9,Kenny Anderson,1992,1996,5,304,9962,1687,4122,183,563,1098,1355,288,1026,2363,476,57,799,666,4655,.409,.325,.810,32.8,15.3,3.4,7.8
10,Ron Anderson,1994,1994,1,11,176,15,43,4,12,10,12,8,26,6,5,2,1,9,44,.349,.333,.833,16.0,4.0,2.4,0.5
11,Ryan Anderson,2009,2009,1,66,1312,160,407,69,189,98,116,104,311,52,44,20,63,157,487,.393,.365,.845,19.9,7.4,4.7,0.8
12,Tiny Archibald,1977,1977,1,34,1277,250,560,,,197,251,22,80,254,59,11,,77,697,.446,,.785,37.6,20.5,2.4,7.5
13,Jim Ard,1971,1973,3,186,2598,386,875,2,15,190,309,284,853,88,,,235,319,964,.441,.133,.615,14.0,5.2,4.6,0.5
14,Brandon Armstrong,2002,2004,3,108,699,101,287,25,75,12,20,22,63,24,22,4,37,83,239,.352,.333,.600,6.5,2.2,0.6,0.2
15,Darrell Armstrong,2008,2008,1,50,549,40,110,23,69,20,30,17,67,73,28,2,41,53,123,.364,.333,.667,11.0,2.5,1.3,1.5
16,Bob Arnzen,1970,1970,1,13,98,19,48,0,1,2,6,12,22,5,,,8,11,40,.396,.000,.333,7.5,3.1,1.7,0.4
17,Vincent Askew,1997,1997,1,1,7,0,0,0,0,0,0,0,0,0,0,0,0,1,0,,,,7.0,0.0,0.0,0.0
18,Johnny Austin,1968,1968,1,41,692,108,279,0,11,101,140,,64,58,,,57,110,317,.387,.000,.721,16.9,7.7,1.6,1.4
19,Bird Averitt,1978,1978,1,21,409,69,188,,,36,45,7,33,68,17,1,55,37,174,.367,,.800,19.5,8.3,1.6,3.2
20,John Bagley,1988,1989,2,150,4416,593,1377,58,215,237,303,97,401,870,182,15,360,279,1481,.431,.270,.782,29.4,9.9,2.7,5.8
21,James Bailey,1982,1987,3,107,1880,351,697,0,0,193,295,161,486,74,52,100,180,362,895,.504,,.654,17.6,8.4,4.5,0.7
22,Mike Bantom,1977,1977,1,33,1114,224,474,,,166,226,101,285,50,28,28,,120,614,.473,,.735,33.8,18.6,8.6,1.5
23,Andrea Bargnani,2016,2016,1,29,421,85,195,2,12,36,43,24,72,9,3,6,21,44,208,.436,.167,.837,14.5,7.2,2.5,0.3
24,Rick Barry,1971,1972,2,139,6118,1534,3317,92,323,1092,1237,260,1003,621,,,465,466,4252,.462,.285,.883,44.0,30.6,7.2,4.5
25,Tim Bassett,1976,1980,5,314,7306,739,1854,1,6,306,515,683,2012,340,253,156,284,907,1785,.399,.167,.594,23.3,5.7,6.4,1.1
26,Tony Battie,2010,2010,1,15,134,14,40,1,4,7,10,4,23,3,4,2,3,19,36,.350,.250,.700,8.9,2.4,1.5,0.2
27,Johnny Baum,1972,1973,2,119,1622,324,608,0,2,148,195,129,336,48,,,100,174,796,.533,.000,.759,13.6,6.7,2.8,0.4
28,Al Beard,1968,1968,1,12,118,12,23,0,0,6,11,,46,0,,,12,29,30,.522,,.545,9.8,2.5,3.8,0.0
29,Arthur Becker,1973,1973,1,8,46,9,16,0,1,5,5,1,6,1,,,1,3,23,.563,.000,1.000,5.8,2.9,0.8,0.1
30,Benoit Benjamin,1994,1995,2,138,3415,554,1120,0,0,285,389,229,939,82,58,154,222,349,1393,.495,,.733,24.7,10.1,6.8,0.6
31,David Benoit,1998,1998,1,53,799,102,269,41,119,37,44,42,141,17,26,16,39,120,282,.379,.345,.841,15.1,5.3,2.7,0.3
32,Walter Berry,1989,1989,1,29,556,108,231,0,0,43,63,32,115,20,10,13,40,69,259,.468,,.683,19.2,8.9,4.0,0.7
33,Travis Best,2005,2005,1,76,1461,190,452,26,85,108,122,19,107,143,66,9,67,148,514,.420,.306,.885,19.2,6.8,1.4,1.9
34,Otis Birdsong,1982,1988,7,375,11324,2627,5263,28,105,686,1161,381,941,1361,427,73,782,941,5968,.499,.267,.591,30.2,15.9,2.5,3.6
35,Andray Blatche,2013,2014,2,155,3173,667,1350,18,76,312,437,281,807,197,161,92,233,329,1664,.494,.237,.714,20.5,10.7,5.2,1.3
36,Mookie Blaylock,1990,1992,3,194,6400,1073,2603,44,225,328,434,210,658,1143,421,94,470,472,2518,.412,.196,.756,33.0,13.0,3.4,5.9
37,Keith Bogans,2012,2013,2,79,1502,116,305,87,257,13,22,21,131,79,30,4,52,123,332,.380,.339,.591,19.0,4.2,1.7,1.0
38,Bojan Bogdanovic,2015,2016,2,111,2763,389,860,134,379,115,144,66,333,101,52,10,120,151,1027,.452,.354,.799,24.9,9.3,3.0,0.9
39,Josh Boone,2007,2010,4,256,4482,567,1042,0,0,206,463,484,1258,125,99,178,169,466,1340,.544,,.445,17.5,5.2,4.9,0.5
40,Tommie Bowens,1969,1969,1,76,1550,186,453,0,3,83,128,159,455,52,,,111,236,455,.411,.000,.648,20.4,6.0,6.0,0.7
41,Sam Bowie,1990,1993,4,280,8394,1369,3142,24,84,816,1071,743,2304,551,154,459,536,824,3578,.436,.286,.762,30.0,12.8,8.2,2.0
42,Earl Boykins,1999,1999,1,5,51,10,21,1,5,0,0,1,4,6,1,0,7,3,21,.476,.200,,10.2,4.2,0.8,1.2
43,Winford Boynes,1979,1980,2,133,2278,477,1062,0,4,237,305,111,288,170,102,26,215,249,1191,.449,.000,.777,17.1,9.0,2.2,1.3
44,Dudley Bradley,1988,1988,1,63,1432,156,364,37,101,74,97,25,126,150,114,43,88,170,423,.429,.366,.763,22.7,6.7,2.0,2.4
45,Shawn Bradley,1996,1997,2,107,3223,543,1232,1,9,231,343,305,857,75,64,410,212,366,1318,.441,.111,.673,30.1,12.3,8.0,0.7
46,Adrian Branch,1988,1988,1,20,308,56,134,1,5,20,23,20,48,16,16,11,29,41,133,.418,.200,.870,15.4,6.7,2.4,0.8
47,Ron Brewer,1985,1985,1,11,245,49,84,0,2,16,18,8,18,11,5,5,5,15,114,.583,.000,.889,22.3,10.4,1.6,1.0
48,MarShon Brooks,2012,2013,2,129,2560,429,975,62,205,182,242,102,304,207,86,31,187,209,1102,.440,.302,.752,19.8,8.5,2.4,1.6
49,Chucky Brown,1993,1993,1,77,1186,160,331,0,5,71,98,88,232,51,20,24,56,112,391,.483,.000,.724,15.4,5.1,3.0,0.7
50,Damone Brown,2004,2004,1,3,17,1,10,0,0,1,2,3,5,0,2,0,1,2,3,.100,,.500,5.7,1.0,1.7,0.0
51,Markel Brown,2015,2016,2,65,968,94,264,24,92,56,70,16,123,53,37,13,34,80,268,.356,.261,.800,14.9,4.1,1.9,0.8
52,P.J. Brown,1994,1996,3,240,7358,775,1770,8,45,458,624,581,1540,393,219,328,285,688,2016,.438,.178,.734,30.7,8.4,6.4,1.6
53,Tony Brown,1987,1987,1,77,2339,358,810,5,20,152,206,84,219,259,89,14,153,273,873,.442,.250,.738,30.4,11.3,2.8,3.4
54,Stanley Brundy,1990,1990,1,16,128,15,30,0,0,7,18,15,26,3,6,5,6,24,37,.500,,.389,8.0,2.3,1.6,0.2
55,George Bruns,1973,1973,1,13,236,31,66,2,4,22,27,1,8,36,,,20,26,86,.470,.500,.815,18.2,6.6,0.6,2.8
56,George Bucci,1976,1976,1,33,237,50,124,0,4,28,41,15,37,15,12,3,22,19,128,.403,.000,.683,7.2,3.9,1.1,0.5
57,Jud Buechler,1991,1992,2,76,888,98,234,1,4,43,66,63,143,53,35,16,27,81,240,.419,.250,.652,11.7,3.2,1.9,0.7
58,Rodney Buford,2005,2005,1,64,1313,187,489,34,108,37,45,33,189,63,40,4,35,101,445,.382,.315,.822,20.5,7.0,3.0,1.0
59,Bill Bunting,1971,1971,1,39,687,65,151,0,0,60,69,64,142,34,,,51,94,190,.430,,.870,17.6,4.9,3.6,0.9
60,David Burns,1982,1982,1,3,34,2,5,0,0,3,6,0,2,4,1,0,5,4,7,.400,,.500,11.3,2.3,0.7,1.3
61,Scott Burrell,1999,2000,2,106,2042,240,627,110,304,73,92,97,375,117,107,55,61,255,663,.383,.362,.793,19.3,6.3,3.5,1.1
62,Michael Cage,1998,2000,2,99,1443,55,108,0,1,23,39,148,389,41,53,52,27,135,133,.509,.000,.590,14.6,1.3,3.9,0.4
63,Adrian Caldwell,1997,1997,1,18,204,10,35,0,2,9,17,20,56,5,8,1,12,27,29,.286,.000,.529,11.3,1.6,3.1,0.3
64,Jim Caldwell,1968,1968,1,12,261,23,66,0,0,10,22,,85,11,,,19,29,56,.348,,.455,21.8,4.7,7.1,0.9
65,Elden Campbell,2005,2005,1,10,50,0,7,0,0,2,4,3,11,3,0,1,1,10,2,.000,,.500,5.0,0.2,1.1,0.3
66,Rick Carlisle,1990,1990,1,5,21,1,7,0,3,0,0,0,0,5,1,1,4,7,2,.143,.000,,4.2,0.4,0.0,1.0
67,Bob Carrington,1978,1978,1,37,1032,157,392,,,72,97,42,112,55,43,12,66,132,386,.401,,.742,27.9,10.4,3.0,1.5
68,Joe Barry Carroll,1989,1990,2,110,2998,522,1215,0,2,261,327,200,723,148,90,137,207,315,1305,.430,.000,.798,27.3,11.9,6.6,1.3
69,Chris Carr,1999,1999,1,28,364,67,179,25,66,25,36,23,59,16,7,1,24,36,184,.374,.379,.694,13.0,6.6,2.1,0.6
70,George Carter,1973,1973,1,83,2976,569,1249,0,9,440,529,205,515,173,,,255,308,1578,.456,.000,.832,35.9,19.0,6.2,2.1
71,Vince Carter,2005,2009,5,374,14157,3126,6987,638,1723,1944,2404,513,2152,1762,435,187,923,1163,8834,.447,.370,.809,37.9,23.6,5.8,4.7
72,Sam Cassell,1997,1999,3,102,3483,698,1582,63,207,529,615,95,316,771,161,27,348,361,1988,.441,.304,.860,34.1,19.5,3.1,7.6
73,Harvey Catchings,1979,1979,1,32,659,74,175,,,47,61,71,204,30,15,56,51,90,195,.423,,.770,20.6,6.1,6.4,0.9
74,Bobby Cattage,1986,1986,1,29,185,28,83,1,5,35,44,15,34,4,6,0,13,23,92,.337,.200,.795,6.4,3.2,1.2,0.1
75,Ron Cavenall,1989,1989,1,5,16,2,3,0,0,2,5,0,2,0,0,2,2,2,6,.667,,.400,3.2,1.2,0.4,0.0
76,Maurice Cheeks,1993,1993,1,35,510,51,93,0,2,24,27,5,42,107,33,2,33,35,126,.548,.000,.889,14.6,3.6,1.2,3.1
77,Josh Childress,2013,2013,1,14,100,6,21,1,3,1,2,6,15,5,2,2,0,3,14,.286,.333,.500,7.1,1.0,1.1,0.4
78,Chris Childs,1995,2003,3,143,3535,436,1077,137,390,316,380,68,319,783,161,12,312,379,1325,.405,.351,.832,24.7,9.3,2.2,5.5
79,Jim Chones,1973,1973,1,82,2153,395,769,0,1,142,240,143,586,95,,,213,291,932,.514,.000,.592,26.3,11.4,7.1,1.2
80,Bob Christian,1970,1970,1,1,4,1,3,0,0,0,0,1,2,0,,,2,1,2,.333,,,4.0,2.0,2.0,0.0
81,Stephen Chubin,1969,1970,2,39,1060,193,512,3,23,175,211,75,138,165,,,142,138,564,.377,.130,.829,27.2,14.5,3.5,4.2
82,Earl Clark,2015,2015,1,10,93,11,30,4,14,1,4,1,23,3,3,4,6,12,27,.367,.286,.250,9.3,2.7,2.3,0.3
83,Ben Coleman,1987,1988,2,95,1686,298,553,0,3,153,205,157,461,76,60,47,166,310,749,.539,.000,.746,17.7,7.9,4.9,0.8
84,Derrick Coleman,1991,1995,5,348,12449,2473,5368,125,454,1859,2413,1148,3690,1093,320,559,1088,966,6930,.461,.275,.770,35.8,19.9,10.6,3.1
85,Jason Collins,2002,2014,8,532,12664,799,1942,6,31,688,1046,789,2323,565,319,305,509,1662,2292,.411,.194,.658,23.8,4.3,4.4,1.1
86,Dallas Comegys,1988,1988,1,75,1122,156,363,0,1,106,150,54,218,65,36,70,116,175,418,.430,.000,.707,15.0,5.6,2.9,0.9
87,Jeffrey Congdon,1971,1971,1,42,579,62,150,4,13,32,37,10,54,97,,,51,50,160,.413,.308,.865,13.8,3.8,1.3,2.3
88,Lester Conner,1989,1991,3,199,5376,604,1360,15,52,413,525,201,677,1047,390,14,346,352,1636,.444,.288,.787,27.0,8.2,3.4,5.3
89,Darwin Cook,1981,1986,6,464,11593,1996,4375,45,216,662,875,344,1056,1970,875,176,938,1058,4699,.456,.208,.757,25.0,10.1,2.3,4.2
90,Joe Cooper,1982,1982,1,1,11,1,2,0,0,0,0,1,2,0,0,0,1,2,2,.500,,,11.0,2.0,2.0,0.0
91,Mark Crow,1978,1978,1,15,154,35,80,,,14,20,14,27,8,5,1,12,24,84,.438,,.700,10.3,5.6,1.8,0.5
92,William Cunningham,1999,1999,1,15,161,3,18,0,0,0,2,13,28,1,1,11,5,30,6,.167,,.000,10.7,0.4,1.9,0.1
93,Lloyd Daniels,1997,1997,1,17,282,34,103,19,59,5,6,18,39,25,9,3,11,29,92,.330,.322,.833,16.6,5.4,2.3,1.5
94,Mel Daniels,1977,1977,1,11,126,13,35,,,13,23,10,34,6,3,11,,29,39,.371,,.565,11.5,3.5,3.1,0.5
95,Ollie Darden,1969,1969,1,30,726,133,279,0,0,78,110,80,214,42,,,72,107,344,.477,,.709,24.2,11.5,7.1,1.4
96,Yinka Dare,1995,1998,4,110,1002,86,217,0,0,61,107,101,281,4,12,70,96,179,233,.396,,.570,9.1,2.1,2.6,0.0
97,Brandon Davies,2015,2015,1,7,44,6,18,1,4,3,4,3,10,2,1,3,4,5,16,.333,.250,.750,6.3,2.3,1.4,0.3
98,Hubert Davis,2004,2004,1,14,55,1,9,0,0,2,2,2,8,3,2,0,2,8,4,.111,,1.000,3.9,0.3,0.6,0.2
99,Mel Davis,1977,1977,1,34,752,127,354,,,42,60,68,193,47,22,4,,85,296,.359,,.700,22.1,8.7,5.7,1.4
100,Darryl Dawkins,1983,1987,5,258,6795,1404,2336,2,7,877,1243,435,1412,361,159,385,744,1188,3687,.601,.286,.706,26.3,14.3,5.5,1.4
101,Billy DeAngelis,1971,1971,1,8,47,3,6,0,0,4,6,2,6,8,,,5,16,10,.500,,.667,5.9,1.3,0.8,1.0
102,Joe DePre,1971,1973,3,119,2281,331,694,2,10,166,226,73,226,185,,,203,343,830,.477,.200,.735,19.2,7.0,1.9,1.6
103,Derrick Dial,2002,2002,1,25,249,30,94,0,7,13,18,12,45,31,8,4,13,12,73,.319,.000,.722,10.0,2.9,1.8,1.2
104,Kaniel Dickens,2005,2005,1,11,61,4,14,3,9,2,2,3,9,1,2,1,2,5,13,.286,.333,1.000,5.5,1.2,0.8,0.1
105,DeSagana Diop,2008,2008,1,27,401,27,65,0,0,14,30,49,122,14,6,25,16,46,68,.415,,.467,14.9,2.5,4.5,0.5
106,Keyon Dooling,2009,2010,2,130,3045,390,922,158,392,174,215,32,209,405,105,8,164,217,1112,.423,.403,.809,23.4,8.6,1.6,3.1
107,Chris Douglas-Roberts,2009,2010,2,111,2315,336,749,17,66,184,219,59,248,145,67,26,128,135,873,.449,.258,.840,20.9,7.9,2.2,1.3
108,Sherman Douglas,1998,2001,3,159,3102,422,908,27,102,226,315,86,238,497,108,11,213,275,1097,.465,.265,.717,19.5,6.9,1.5,3.1
109,Sonny Dove,1970,1972,3,165,4573,925,1998,6,27,428,655,501,1220,196,,,427,603,2284,.463,.222,.653,27.7,13.8,7.4,1.2
110,Chris Dudley,1990,1993,4,241,5532,521,1307,0,0,263,562,873,1983,130,116,466,249,768,1305,.399,,.468,23.0,5.4,8.2,0.5
111,Jarrett Durham,1972,1972,1,1,1,0,0,0,0,0,0,0,0,0,,,1,0,0,,,,1.0,0.0,0.0,0.0
112,Jim Eakins,1976,1976,1,34,463,72,143,0,0,67,79,42,120,18,7,20,33,71,211,.503,,.848,13.6,6.2,3.5,0.5
113,Kevin Edwards,1994,1998,5,189,5029,788,1861,114,302,325,401,138,470,413,231,50,307,313,2015,.423,.377,.810,26.6,10.7,2.5,2.2
114,Wayne Ellington,2016,2016,1,32,512,74,184,28,81,15,19,6,60,22,21,2,15,25,191,.402,.346,.789,16.0,6.0,1.9,0.7
115,Bob Elliott,1979,1981,3,141,2324,356,720,2,6,266,410,187,502,204,69,34,233,306,980,.494,.333,.649,16.5,7.0,3.6,1.4
116,Len Elmore,1982,1983,2,155,3075,397,896,0,1,189,254,248,679,139,136,130,219,405,983,.443,.000,.744,19.8,6.3,4.4,0.9
117,Andre Emmett,2012,2012,1,6,45,4,7,0,1,5,8,2,6,1,2,1,2,2,13,.571,.000,.625,7.5,2.2,1.0,0.2
118,Chris Engler,1985,1988,3,79,605,59,135,0,0,44,56,56,158,19,14,19,40,100,162,.437,,.786,7.7,2.1,2.0,0.2
119,Julius Erving,1974,1976,3,252,10044,2777,5464,80,233,1470,1863,884,2738,1319,583,521,949,747,7104,.508,.343,.789,39.9,28.2,10.9,5.2
120,Evan Eschmeyer,2000,2001,2,105,1704,130,272,0,0,82,132,175,474,61,49,79,74,304,342,.478,,.621,16.2,3.3,4.5,0.6
121,Billy Evans,1970,1970,1,53,602,32,87,0,2,38,70,17,39,100,,,47,89,102,.368,.000,.543,11.4,1.9,0.7,1.9
122,Brian Evans,1998,1999,2,39,453,57,140,21,53,10,13,22,69,38,10,8,16,51,145,.407,.396,.769,11.6,3.7,1.8,1.0
123,Reggie Evans,2013,2014,2,110,2366,148,320,0,0,148,287,313,1037,48,87,15,139,253,444,.463,,.516,21.5,4.0,9.4,0.4
124,Jordan Farmar,2011,2012,2,112,2627,402,966,164,429,139,163,31,234,497,86,8,207,177,1107,.416,.382,.853,23.5,9.9,2.1,4.4
125,Derrick Favors,2011,2011,1,56,1091,141,276,0,0,71,116,126,297,21,18,41,56,183,353,.511,,.612,19.5,6.3,5.3,0.4
126,Jamie Feick,1999,2001,3,113,3239,256,579,3,3,143,205,388,1097,97,76,59,100,294,658,.442,1.000,.698,28.7,5.8,9.7,0.9
127,Dave Feitl,1992,1992,1,34,175,33,77,0,0,16,19,21,61,6,2,3,19,22,82,.429,,.842,5.1,2.4,1.8,0.2
128,Vern Fleming,1996,1996,1,77,1747,227,524,3,28,133,177,49,170,255,41,5,122,115,590,.433,.107,.751,22.7,7.7,2.2,3.3
129,Sleepy Floyd,1983,1995,2,91,1325,163,428,29,102,68,88,24,96,193,32,15,91,129,423,.381,.284,.773,14.6,4.6,1.1,2.1
130,Phil Ford,1983,1983,1,7,163,20,35,0,1,7,10,0,7,38,6,0,21,22,47,.571,.000,.700,23.3,6.7,1.0,5.4
131,Jim Fox,1977,1977,1,71,1165,184,398,,,95,114,100,329,49,20,25,,158,463,.462,,.833,16.4,6.5,4.6,0.7
132,Will Frazier,1969,1969,1,75,1370,217,512,0,0,120,194,148,416,66,,,75,200,554,.424,,.619,18.3,7.4,5.5,0.9
133,Dan Gadzuric,2011,2011,1,14,166,17,41,0,0,5,13,18,49,3,3,11,8,28,39,.415,,.385,11.9,2.8,3.5,0.2
134,Corey Gaines,1989,1989,1,32,337,27,64,1,5,12,16,3,19,67,15,1,20,27,67,.422,.200,.750,10.5,2.1,0.6,2.1
135,Sundiata Gaines,2011,2012,2,67,939,122,319,32,99,70,116,37,132,151,64,2,65,69,346,.382,.323,.603,14.0,5.2,2.0,2.3
136,Mike Gale,1974,1975,2,104,2528,342,758,7,29,101,127,147,388,289,148,81,164,215,792,.451,.241,.795,24.3,7.6,3.7,2.8
137,Kevin Garnett,2014,2015,2,96,1963,282,631,1,9,72,88,106,643,151,84,53,114,219,637,.447,.111,.818,20.4,6.6,6.7,1.6
138,Chris Gatling,1997,1999,3,78,1732,302,685,1,5,186,305,147,421,68,64,33,134,205,791,.441,.200,.610,22.2,10.1,5.4,0.9
139,Tate George,1991,1993,3,174,2011,296,714,1,13,139,170,64,179,325,76,11,155,181,732,.415,.077,.818,11.6,4.2,1.0,1.9
140,Derrick Gervin,1990,1991,2,77,1082,257,591,7,31,155,203,69,175,38,39,26,57,135,676,.435,.226,.764,14.1,8.8,2.3,0.5
141,Jack Gillespie,1970,1970,1,2,27,0,5,0,0,2,2,2,7,0,,,0,3,2,.000,,1.000,13.5,1.0,3.5,0.0
142,Armen Gilliam,1994,1996,3,242,7297,1379,2803,0,4,853,1103,630,1826,308,178,203,435,480,3611,.492,.000,.773,30.2,14.9,7.5,1.3
143,Eddie Gill,2001,2008,2,21,301,28,70,8,23,13,14,1,31,45,11,3,18,27,77,.400,.348,.929,14.3,3.7,1.5,2.1
144,Kendall Gill,1996,2001,6,331,11203,1868,4451,135,455,1061,1434,486,1591,981,652,186,571,960,4932,.420,.297,.740,33.8,14.9,4.8,3.0
145,Gerald Glass,1996,1996,1,10,56,10,28,1,5,0,0,5,6,4,2,1,0,5,21,.357,.200,,5.6,2.1,0.6,0.4
146,Mike Gminski,1981,1988,8,550,13638,2379,5034,0,9,1657,1986,1231,3671,711,317,599,918,1011,6415,.473,.000,.834,24.8,11.7,6.7,1.3
147,Anthony Goldwire,2004,2004,1,6,19,2,8,0,2,0,0,0,1,1,2,0,1,0,4,.250,.000,,3.2,0.7,0.2,0.2
148,Steve Goodrich,2002,2002,1,9,50,2,10,0,0,1,2,1,5,5,1,2,3,10,5,.200,,.500,5.6,0.6,0.6,0.6
149,Greg Graham,1996,1996,1,45,485,61,161,25,68,37,51,12,42,41,20,1,29,48,184,.379,.368,.725,10.8,4.1,0.9,0.9
150,Stephen Graham,2011,2011,1,59,959,81,200,5,21,31,38,17,123,40,14,1,38,106,198,.405,.238,.816,16.3,3.4,2.1,0.7
151,Evric Gray,1997,1997,1,5,42,4,15,1,4,4,4,1,3,2,1,0,3,5,13,.267,.250,1.000,8.4,2.6,0.6,0.4
152,Bob Greacen,1972,1972,1,4,20,1,2,0,0,0,0,1,2,1,,,2,1,2,.500,,,5.0,0.5,0.5,0.3
153,Orien Greene,2011,2011,1,3,5,1,2,0,0,1,2,0,0,1,1,0,0,0,3,.500,,.500,1.7,1.0,0.0,0.3
154,Gerald Green,2012,2012,1,31,781,154,320,43,110,49,65,15,108,34,28,17,55,80,400,.481,.391,.754,25.2,12.9,3.5,1.1
155,Luther Green,1970,1971,2,85,903,154,391,0,7,73,141,118,318,30,,,75,136,381,.394,.000,.518,10.6,4.5,3.7,0.4
156,Gary Gregor,1973,1974,2,65,908,139,289,3,4,41,50,62,221,46,4,1,51,132,322,.481,.750,.820,14.0,5.0,3.4,0.7
157,Dennis Grey,1970,1970,1,4,74,6,24,0,0,6,12,11,25,0,,,3,15,18,.250,,.500,18.5,4.5,6.3,0.0
158,Jorge Gutierrez,2014,2015,2,25,288,32,68,3,13,11,15,3,29,37,11,1,17,46,78,.471,.231,.733,11.5,3.1,1.2,1.5
159,Rudy Hackett,1977,1977,1,1,8,0,2,,,2,5,1,3,0,0,0,,1,2,.000,,.400,8.0,2.0,3.0,0.0
160,Jack Haley,1990,1998,4,170,2329,308,725,0,2,216,339,266,685,58,39,34,134,385,832,.425,.000,.637,13.7,4.9,4.0,0.3
161,Devin Harris,2008,2011,4,212,7277,1205,2841,188,644,1149,1403,76,645,1473,284,44,619,535,3747,.424,.292,.819,34.3,17.7,3.0,6.9
162,Lucious Harris,1998,2004,7,456,9884,1339,3166,236,691,614,766,317,1173,714,346,50,330,622,3528,.423,.342,.802,21.7,7.7,2.6,1.6
163,Donnell Harvey,2005,2005,1,3,16,2,2,0,0,4,4,2,7,1,1,1,1,2,8,1.000,,1.000,5.3,2.7,2.3,0.3
164,Trenton Hassell,2008,2010,3,131,2510,196,465,3,18,78,102,115,337,116,42,27,85,218,473,.422,.167,.765,19.2,3.6,2.6,0.9
165,Robert Hawkins,1977,1978,2,67,1824,475,1059,,,219,311,88,204,130,99,39,43,214,1169,.449,,.704,27.2,17.4,3.0,1.9
166,Jarvis Hayes,2009,2010,2,119,2865,395,905,154,423,50,70,36,375,94,81,16,77,253,994,.436,.364,.714,24.1,8.4,3.2,0.8
167,Jim Hayes,1971,1971,1,47,494,46,109,0,0,52,67,20,45,47,,,45,73,144,.422,,.776,10.5,3.1,1.0,1.0
168,Mark Hendrickson,1999,2000,2,27,423,39,89,0,1,43,52,28,70,16,12,1,15,40,121,.438,.000,.827,15.7,4.5,2.6,0.6
169,Art Heyman,1968,1968,1,19,439,97,252,3,17,65,101,,70,37,,,54,35,262,.385,.176,.644,23.1,13.8,3.7,1.9
170,Rod Higgins,1986,1986,1,2,29,3,16,0,2,0,0,3,8,1,1,4,2,6,6,.188,.000,,14.5,3.0,4.0,0.5
171,Sean Higgins,1995,1995,1,57,735,105,273,23,78,35,40,25,77,29,10,9,35,93,268,.385,.295,.875,12.9,4.7,1.4,0.5
172,Darnell Hillman,1978,1978,1,45,1220,236,501,,,118,205,126,338,49,49,44,109,160,590,.471,,.576,27.1,13.1,7.5,1.1
173,Roy Hinson,1988,1991,4,164,5173,990,2010,0,3,588,749,325,1061,169,93,223,329,584,2568,.493,.000,.785,31.5,15.7,6.5,1.0
174,Rondae Hollis-Jefferson,2016,2016,1,19,419,39,81,1,5,20,30,32,116,27,27,8,21,42,99,.481,.200,.667,22.1,5.2,6.1,1.4
175,Tom Hoover,1969,1969,1,40,1256,165,354,0,2,110,162,121,411,106,,,156,187,440,.466,.000,.679,31.4,11.0,10.3,2.7
176,Dave Hoppen,1993,1993,1,2,10,1,1,0,0,0,2,1,4,0,0,0,0,2,2,1.000,,.000,5.0,1.0,2.0,0.0
177,Dennis Hopson,1988,1990,3,202,5467,995,2356,48,173,588,738,267,624,372,227,106,389,478,2626,.422,.277,.797,27.1,13.0,3.1,1.8
178,Dennis Horner,2012,2012,1,8,22,1,4,0,1,3,4,2,5,0,0,0,1,1,5,.250,.000,.750,2.8,0.6,0.6,0.0
179,Eddie House,2007,2007,1,56,946,180,421,75,175,33,36,14,92,67,27,3,27,69,468,.428,.429,.917,16.9,8.4,1.6,1.2
180,Kim Hughes,1976,1978,3,221,5097,508,1080,0,0,120,300,625,1579,191,269,288,159,763,1136,.470,,.400,23.1,5.1,7.1,0.9
181,Kris Humphries,2010,2013,4,245,6320,896,1857,0,4,535,738,666,2100,231,128,224,332,570,2327,.482,.000,.725,25.8,9.5,8.6,0.9
182,Les Hunter,1970,1971,2,84,2969,500,1161,6,41,321,440,240,694,217,,,314,346,1327,.431,.146,.730,35.3,15.8,8.3,2.6
183,Mile Ilic,2007,2007,1,5,6,0,3,0,0,0,0,0,1,0,0,0,3,1,0,.000,,,1.2,0.0,0.2,0.0
184,Jaren Jackson,1990,1990,1,28,160,25,69,0,3,17,21,16,24,13,13,1,18,16,67,.362,.000,.810,5.7,2.4,0.9,0.5
185,Jim Jackson,1997,1997,1,31,1155,184,441,40,108,104,122,51,184,160,29,17,101,81,512,.417,.370,.852,37.3,16.5,5.9,5.2
186,Marc Jackson,2006,2006,1,37,433,66,148,0,0,38,48,30,89,22,5,6,28,70,170,.446,,.792,11.7,4.6,2.4,0.6
187,Phil Jackson,1979,1980,2,75,1264,173,349,0,2,93,115,71,202,97,50,26,87,203,439,.496,.000,.809,16.9,5.9,2.7,1.3
188,Stephen Jackson,2001,2001,1,77,1660,243,572,52,155,97,135,41,208,140,86,14,130,166,635,.425,.335,.719,21.6,8.2,2.7,1.8
189,Tony Jackson,1968,1969,2,77,2658,449,1174,91,302,451,544,0,503,140,,,144,186,1440,.382,.301,.829,34.5,18.7,6.5,1.8
190,Jarrett Jack,2015,2016,2,112,3268,499,1175,70,248,300,339,28,381,609,109,20,285,220,1368,.425,.282,.885,29.2,12.2,3.4,5.4
191,Dave Jamerson,1994,1994,1,4,10,0,5,0,0,1,2,0,3,1,0,0,1,0,1,.000,,.500,2.5,0.3,0.8,0.3
192,Damion James,2011,2013,3,34,573,59,138,0,4,26,40,24,119,23,23,19,37,53,144,.428,.000,.650,16.9,4.2,3.5,0.7
193,Cory Jefferson,2015,2015,1,50,531,75,167,2,15,31,54,47,145,16,10,21,20,61,183,.449,.133,.574,10.6,3.7,2.9,0.3
194,Richard Jefferson,2002,2008,7,489,17499,2936,6179,286,847,2349,3023,629,2627,1486,438,183,1086,1301,8507,.475,.338,.777,35.8,17.4,5.4,3.0
195,Yi Jianlian,2009,2010,2,113,3076,418,1063,63,181,249,316,182,698,107,66,88,147,327,1148,.393,.348,.788,27.2,10.2,6.2,0.9
196,Anthony Johnson,2002,2003,2,100,1208,140,321,17,47,67,99,23,107,134,68,6,61,123,364,.436,.362,.677,12.1,3.6,1.1,1.3
197,Armon Johnson,2012,2012,1,8,119,19,42,1,3,6,6,1,12,11,4,0,5,9,45,.452,.333,1.000,14.9,5.6,1.5,1.4
198,Ed Johnson,1970,1971,2,100,3078,502,1066,1,2,300,514,411,1101,114,,,284,385,1305,.471,.500,.584,30.8,13.1,11.0,1.1
199,George Johnson,1978,1985,4,305,7388,781,1826,1,2,349,476,712,2182,394,218,863,637,1117,1912,.428,.500,.733,24.2,6.3,7.2,1.3
200,Joe Johnson,2013,2016,4,264,9155,1486,3468,472,1272,481,593,179,1004,886,181,39,444,413,3925,.428,.371,.811,34.7,14.9,3.8,3.4
201,Linton Johnson,2006,2006,1,9,35,5,10,0,0,1,4,0,7,2,2,0,4,7,11,.500,,.250,3.9,1.2,0.8,0.2
202,Mickey Johnson,1983,1986,2,121,2575,413,1003,7,41,347,434,164,556,361,123,46,286,383,1180,.412,.171,.800,21.3,9.8,4.6,3.0
203,Reggie Johnson,1984,1984,1,72,818,127,256,0,1,92,126,53,138,40,24,18,59,141,346,.496,.000,.730,11.4,4.8,1.9,0.6
204,Stew Johnson,1968,1969,2,64,1401,228,653,18,61,71,105,12,371,53,,,79,152,545,.349,.295,.676,21.9,8.5,5.8,0.8
205,Bill Jones,1989,1989,1,37,307,50,102,0,1,29,43,20,47,20,17,6,18,38,129,.490,.000,.674,8.3,3.5,1.3,0.5
206,Damon Jones,1999,1999,1,11,131,14,44,10,29,11,13,2,13,13,7,0,5,7,49,.318,.345,.846,11.9,4.5,1.2,1.2
207,Edgar Jones,1981,1981,1,60,950,189,357,0,4,146,218,92,263,43,36,81,101,185,524,.529,.000,.670,15.8,8.7,4.4,0.7
208,Mark Jones,1984,1984,1,6,16,3,6,0,1,1,2,2,2,5,0,0,2,2,7,.500,.000,.500,2.7,1.2,0.3,0.8
209,Rich Jones,1976,1977,2,117,3304,575,1501,15,67,291,382,151,622,177,119,32,159,403,1456,.383,.224,.762,28.2,12.4,5.3,1.5
210,Eddie Jordan,1978,1981,4,229,6198,1064,2532,15,58,557,715,174,611,1113,562,86,617,560,2700,.420,.259,.779,27.1,11.8,2.7,4.9
211,Jerome Jordan,2015,2015,1,44,383,50,94,0,0,38,44,52,105,13,8,15,22,58,138,.532,,.864,8.7,3.1,2.4,0.3
212,Kris Joseph,2013,2013,1,4,30,0,3,0,1,2,4,0,2,0,3,0,0,1,2,.000,.000,.500,7.5,0.5,0.5,0.0
213,Yvon Joseph,1986,1986,1,1,5,0,0,0,0,2,2,0,0,0,0,0,0,1,2,,,1.000,5.0,2.0,0.0,0.0
214,Sergey Karasev,2015,2016,2,44,626,57,145,17,60,33,42,22,73,48,24,1,27,48,164,.393,.283,.786,14.2,3.7,1.7,1.1
215,Rich Kelley,1980,1980,1,57,1466,186,399,0,3,197,250,156,397,128,50,79,152,215,569,.466,.000,.788,25.7,10.0,7.0,2.2
216,Larry Kenon,1974,1975,2,168,6073,1265,2601,1,3,373,504,654,1862,234,186,49,456,480,2904,.486,.333,.740,36.1,17.3,11.1,1.4
217,Jason Kidd,2002,2008,7,506,18733,2604,6558,813,2377,1352,1676,698,3662,4620,950,135,1553,876,7373,.397,.342,.807,37.0,14.6,7.2,9.1
218,Albert King,1982,1987,6,410,10393,2346,4978,29,121,874,1100,655,1895,978,383,171,982,1289,5595,.471,.240,.795,25.3,13.6,4.6,2.4
219,Bernard King,1978,1993,3,193,6381,1599,3201,2,7,701,1138,551,1496,506,251,78,655,681,3901,.500,.286,.616,33.1,20.2,7.8,2.6
220,Andrei Kirilenko,2014,2015,2,52,893,82,165,1,5,64,123,57,154,73,41,19,55,66,229,.497,.200,.520,17.2,4.4,3.0,1.4
221,Kerry Kittles,1997,2004,7,496,16686,2751,6264,687,1817,907,1161,512,1951,1275,803,218,614,881,7096,.439,.378,.781,33.6,14.3,3.9,2.6
222,Joe Kleine,1997,1997,1,28,453,35,82,1,2,13,18,39,114,23,8,12,21,57,84,.427,.500,.722,16.2,3.0,4.1,0.8
223,Rod Knowles,1969,1969,1,1,3,0,0,0,0,0,0,0,0,0,,,0,1,0,,,,3.0,0.0,0.0,0.0
224,Tony Koski,1969,1969,1,5,30,2,7,0,0,2,2,4,7,4,,,2,9,6,.286,,1.000,6.0,1.2,1.4,0.8
225,Barry Kramer,1970,1970,1,7,56,10,31,0,1,7,8,7,13,3,,,11,10,27,.323,.000,.875,8.0,3.9,1.9,0.4
226,Nenad Krstic,2005,2008,4,226,6094,1021,2074,1,9,508,710,429,1290,238,83,167,338,776,2551,.492,.111,.715,27.0,11.3,5.7,1.1
227,Bruce Kuczenski,1984,1984,1,7,28,4,12,0,0,3,6,3,8,4,0,0,2,3,11,.333,,.500,4.0,1.6,1.1,0.6
228,Tom LaGarde,1985,1985,1,1,8,0,1,0,0,1,2,1,2,0,0,0,1,2,1,.000,,.500,8.0,1.0,2.0,0.0
229,Sam Lacey,1982,1982,1,54,650,64,149,0,1,27,35,20,103,73,20,37,54,137,155,.430,.000,.771,12.0,2.9,1.9,1.4
230,Bob Lackey,1973,1974,2,71,1200,156,362,2,5,99,167,63,164,137,1,0,121,172,413,.431,.400,.593,16.9,5.8,2.3,1.9
231,Wendell Ladner,1974,1975,2,55,1073,135,425,25,89,11,22,60,229,104,78,4,85,166,306,.318,.281,.500,19.5,5.6,4.2,1.9
232,Shane Larkin,2016,2016,1,29,558,76,167,18,39,22,29,7,65,109,39,4,44,48,192,.455,.462,.759,19.2,6.6,2.2,3.8
233,Manny Leaks,1969,1972,3,69,2282,394,913,0,2,194,269,280,711,93,,,139,180,982,.432,.000,.721,33.1,14.2,10.3,1.3
234,Courtney Lee,2010,2010,1,71,2375,338,775,76,225,133,153,60,252,121,93,20,76,130,885,.436,.338,.869,33.5,12.5,3.5,1.7
235,Doug Lee,1992,1993,2,51,340,52,123,11,40,10,19,17,37,27,11,2,15,46,125,.423,.275,.526,6.7,2.5,0.7,0.5
236,Keith Lee,1989,1989,1,57,840,109,258,0,2,53,71,73,259,42,20,33,53,138,271,.422,.000,.746,14.7,4.8,4.5,0.7
237,Kurk Lee,1991,1991,1,48,265,19,71,3,15,25,28,7,30,34,11,2,20,39,66,.268,.200,.893,5.5,1.4,0.6,0.7
238,George Lehmann,1970,1970,1,46,679,111,300,41,126,81,94,18,39,104,,,73,80,344,.370,.325,.862,14.8,7.5,0.8,2.3
239,Leary Lentz,1969,1969,1,26,442,48,126,0,0,33,43,40,107,9,,,25,46,129,.381,,.767,17.0,5.0,4.1,0.3
240,Barry Liebowitz,1968,1968,1,24,707,98,287,0,7,77,96,,72,93,,,62,68,273,.341,.000,.802,29.5,11.4,3.0,3.9
241,Shaun Livingston,2014,2014,1,76,1974,235,487,1,6,158,191,67,246,245,93,31,105,172,629,.483,.167,.827,26.0,8.3,3.2,3.2
242,Bobby Lloyd,1968,1969,2,125,2353,362,890,15,39,388,445,25,220,229,,,169,290,1127,.407,.385,.872,18.8,9.0,1.8,1.8
243,Brook Lopez,2009,2016,8,447,14557,3155,6202,1,22,1746,2200,1268,3315,598,257,791,874,1273,8057,.509,.045,.794,32.6,18.0,7.4,1.3
244,Bob Love,1977,1977,1,13,228,49,106,,,33,39,15,38,4,1,2,,23,131,.462,,.846,17.5,10.1,2.9,0.3
245,Maurice Lucas,1980,1981,2,90,2870,532,1096,0,6,270,356,211,787,256,76,86,246,342,1334,.485,.000,.758,31.9,14.8,8.7,2.8
246,Todd MacCulloch,2002,2002,1,62,1502,247,465,0,0,110,164,157,378,78,24,89,66,181,604,.531,,.671,24.2,9.7,6.1,1.3
247,Don MacLean,1998,1998,1,9,42,1,10,1,2,0,0,3,5,0,0,0,2,7,3,.100,.500,,4.7,0.3,0.6,0.0
248,Jamaal Magloire,2008,2008,1,24,259,15,49,0,0,14,31,18,81,7,0,10,23,42,44,.306,,.452,10.8,1.8,3.4,0.3
249,Randolph Mahaffey,1969,1969,1,48,1594,249,577,0,1,164,228,137,387,64,,,149,162,662,.432,.000,.719,33.2,13.8,8.1,1.3
250,Brian Mahoney,1973,1973,1,19,181,17,57,0,2,24,40,4,14,12,,,17,35,58,.298,.000,.600,9.5,3.1,0.7,0.6
251,Rick Mahorn,1993,1996,4,210,2383,246,534,2,8,174,226,185,605,80,47,61,129,359,668,.461,.250,.770,11.3,3.2,2.9,0.4
252,Ed Manning,1975,1975,1,70,992,103,243,0,2,35,42,59,212,58,40,9,57,144,241,.424,.000,.833,14.2,3.4,3.0,0.8
253,Pace Mannion,1987,1987,1,23,284,31,94,3,9,18,31,10,39,45,18,4,23,32,83,.330,.333,.581,12.3,3.6,1.7,2.0
254,Stephon Marbury,1999,2001,3,172,6672,1386,3173,234,726,957,1185,134,525,1398,221,23,576,426,3963,.437,.322,.808,38.8,23.0,3.1,8.1
255,Donny Marshall,2002,2003,2,23,124,8,32,2,5,12,18,8,24,5,3,0,3,14,30,.250,.400,.667,5.4,1.3,1.0,0.2
256,Kenyon Martin,2001,2004,4,283,9656,1739,3721,32,146,759,1145,547,2147,668,361,386,670,1066,4269,.467,.219,.663,34.1,15.1,7.6,2.4
257,Anthony Mason,1990,1990,1,21,108,14,40,0,0,9,15,11,34,7,2,2,11,20,37,.350,,.600,5.1,1.8,1.6,0.3
258,Tony Massenburg,1997,1997,1,79,1954,219,452,0,1,130,206,222,517,23,38,50,91,217,568,.485,.000,.631,24.7,7.2,6.5,0.3
259,Johnny Mathis,1968,1968,1,51,656,69,186,0,2,35,55,,194,28,,,42,102,173,.371,.000,.636,12.9,3.4,3.8,0.5
260,Bob McAdoo,1981,1981,1,10,153,38,75,0,1,17,21,8,26,10,9,6,14,22,93,.507,.000,.810,15.3,9.3,2.6,1.0
261,Ted McClain,1976,1976,1,30,696,128,303,2,10,82,101,27,73,106,57,10,85,112,340,.422,.200,.812,23.2,11.3,2.4,3.5
262,Tim McCormick,1988,1988,1,47,1513,277,510,0,2,108,162,97,323,92,18,15,76,159,662,.543,.000,.667,32.2,14.1,6.9,2.0
263,Xavier McDaniel,1997,1998,2,82,1350,148,385,5,25,70,97,136,349,74,39,19,78,167,371,.384,.200,.722,16.5,4.5,4.3,0.9
264,Mike McGee,1989,1989,1,80,2027,434,917,93,255,77,144,73,189,116,80,12,124,184,1038,.473,.365,.535,25.3,13.0,2.4,1.5
265,Maurice McHartley,1969,1969,1,24,645,107,266,0,4,83,107,27,76,76,,,80,86,297,.402,.000,.776,26.9,12.4,3.2,3.2
266,Jim McIlvaine,1999,2001,3,106,1510,96,233,0,0,41,74,145,319,42,42,164,60,299,233,.412,,.554,14.2,2.2,3.0,0.4
267,Jeff McInnis,2006,2006,1,28,486,63,143,3,16,20,29,11,50,52,11,2,29,37,149,.441,.188,.690,17.4,5.3,1.8,1.9
268,Bob McIntyre,1968,1970,2,28,545,82,219,1,4,34,59,9,121,16,,,33,35,199,.374,.250,.576,19.5,7.1,4.3,0.6
269,Kevin McKenna,1985,1988,3,116,1870,257,580,73,187,105,125,45,157,191,99,16,104,259,692,.443,.390,.840,16.1,6.0,1.4,1.6
270,Larry McNeill,1977,1977,1,8,93,18,51,,,24,30,10,26,3,4,1,,13,60,.353,,.800,11.6,7.5,3.3,0.4
271,Bill Melchionni,1970,1976,7,502,15337,2469,5313,37,157,1255,1533,223,1082,3044,172,20,1271,1250,6230,.465,.236,.819,30.6,12.4,2.2,6.1
272,Ron Mercer,2005,2005,1,18,390,65,158,0,3,7,10,9,40,20,16,2,14,20,137,.411,.000,.700,21.7,7.6,2.2,1.1
273,Terry Mills,1991,1992,2,120,2254,388,838,8,25,145,196,238,594,101,67,61,107,256,929,.463,.320,.740,18.8,7.7,5.0,0.8
274,Jerome Moiso,2005,2005,1,8,24,3,4,0,0,2,4,3,7,0,0,1,1,2,8,.750,,.500,3.0,1.0,0.9,0.0
275,Eric Money,1979,1979,1,47,1434,325,676,,,136,183,55,125,249,74,10,166,132,786,.481,,.743,30.5,16.7,2.7,5.3
276,Eric Montross,1997,1997,1,31,844,73,162,0,0,11,28,115,282,29,11,39,26,118,157,.451,,.393,27.2,5.1,9.1,0.9
277,Gene Moore,1972,1972,1,68,1149,212,445,1,3,77,106,149,409,40,,,126,178,502,.476,.333,.726,16.9,7.4,6.0,0.6
278,Johnny Moore,1988,1988,1,1,10,0,1,0,0,0,0,1,2,1,0,0,3,0,0,.000,,,10.0,0.0,2.0,1.0
279,Lowes Moore,1981,1981,1,71,1406,212,478,4,27,69,92,43,168,228,61,17,108,179,497,.444,.148,.750,19.8,7.0,2.4,3.2
280,Mikki Moore,2004,2007,2,83,2092,309,511,0,1,160,235,146,405,74,46,60,113,262,778,.605,.000,.681,25.2,9.4,4.9,0.9
281,Chris Morris,1989,1995,7,510,15274,2608,5875,368,1197,1178,1606,1290,2918,1015,784,468,1001,1374,6762,.444,.307,.733,29.9,13.3,5.7,2.0
282,Darius Morris,2015,2015,1,38,299,36,106,7,33,4,9,7,27,48,9,0,21,20,83,.340,.212,.444,7.9,2.2,0.7,1.3
283,Anthony Morrow,2011,2012,2,120,3492,551,1278,216,546,193,211,68,299,129,65,16,124,221,1511,.431,.396,.915,29.1,12.6,2.5,1.1
284,Alonzo Mourning,2004,2005,2,30,672,101,221,0,0,81,120,39,154,22,7,47,55,82,283,.457,,.675,22.4,9.4,5.1,0.7
285,Eric Murdock,1999,1999,1,15,401,45,114,8,22,21,26,3,35,66,22,2,29,35,119,.395,.364,.808,26.7,7.9,2.3,4.4
286,Gheorghe Muresan,1999,2000,2,31,268,41,91,0,0,23,38,24,68,9,0,12,17,52,105,.451,,.605,8.6,3.4,2.2,0.3
287,Troy Murphy,2011,2011,1,18,288,26,76,4,23,9,17,11,75,17,7,2,13,28,65,.342,.174,.529,16.0,3.6,4.2,0.9
288,Lamond Murray,2006,2006,1,57,576,72,181,27,78,25,40,29,132,13,17,7,22,66,196,.398,.346,.625,10.1,3.4,2.3,0.2
289,Dikembe Mutombo,2003,2003,1,24,514,49,131,0,0,40,55,54,153,19,4,37,34,54,138,.374,,.727,21.4,5.8,6.4,0.8
290,Pete Myers,1990,1990,1,28,543,74,180,0,6,50,69,23,68,100,20,9,58,70,198,.411,.000,.725,19.4,7.1,2.4,3.6
291,Bostjan Nachbar,2006,2008,3,162,3289,483,1136,208,541,291,368,87,524,154,77,47,158,378,1465,.425,.384,.791,20.3,9.0,3.2,1.0
292,Eduardo Najera,2009,2010,2,40,523,53,127,8,42,14,34,29,105,34,19,6,30,83,128,.417,.190,.412,13.1,3.2,2.6,0.9
293,Swen Nater,1976,1976,1,43,1016,160,330,0,3,56,78,139,441,19,18,26,94,142,376,.485,.000,.718,23.6,8.7,10.3,0.4
294,Calvin Natt,1980,1980,1,53,2046,421,879,1,5,199,280,173,513,112,78,22,133,148,1042,.479,.200,.711,38.6,19.7,9.7,2.1
295,Louie Nelson,1978,1978,1,25,353,82,197,,,48,73,12,49,29,20,6,40,28,212,.416,,.658,14.1,8.5,2.0,1.2
296,Mike Newlin,1980,1981,2,157,5421,1243,2601,55,182,781,881,179,483,613,202,13,479,432,3322,.478,.302,.886,34.5,21.2,3.1,3.9
297,Johnny Newman,1994,2001,3,227,5080,791,1808,151,440,580,692,138,452,223,167,43,257,588,2313,.438,.343,.838,22.4,10.2,2.0,1.0
298,Mel Nowell,1968,1968,1,76,1555,273,679,9,32,176,213,,193,155,,,142,188,731,.402,.281,.826,20.5,9.6,2.5,2.0
299,Ed O'Bannon,1996,1997,2,109,1887,232,607,27,116,97,131,106,280,91,68,21,76,173,588,.382,.233,.740,17.3,5.4,2.6,0.8
300,Jim O'Brien,1974,1974,1,11,54,15,37,0,4,9,15,13,17,6,3,3,8,5,39,.405,.000,.600,4.9,3.5,1.5,0.5
301,Mike O'Koren,1981,1988,7,392,8687,1433,2918,35,127,422,646,483,1377,843,309,89,535,884,3323,.491,.276,.653,22.2,8.5,3.5,2.2
302,Dan O'Sullivan,1993,1993,1,3,10,2,3,0,0,0,0,2,4,0,0,0,0,1,4,.667,,,3.3,1.3,1.3,0.0
303,Mehmet Okur,2012,2012,1,17,454,52,139,23,72,3,5,22,81,30,9,5,25,45,130,.374,.319,.600,26.7,7.6,4.8,1.8
304,Kevin Ollie,2001,2001,1,19,161,5,27,0,0,12,19,3,23,25,5,0,9,14,22,.185,,.632,8.5,1.2,1.2,1.3
305,Travis Outlaw,2011,2011,1,82,2358,274,731,76,252,132,171,54,325,84,34,36,71,148,756,.375,.302,.772,28.8,9.2,4.0,1.0
306,Doug Overton,1999,2004,3,26,512,63,158,12,36,17,21,7,42,73,7,1,32,38,155,.399,.333,.810,19.7,6.0,1.6,2.8
307,Larry Owens,2012,2012,1,7,75,4,11,2,5,3,4,2,13,4,0,1,2,10,13,.364,.400,.750,10.7,1.9,1.9,0.6
308,Robert Pack,1997,2004,2,60,1405,215,526,22,74,139,176,19,104,352,71,4,166,103,591,.409,.297,.790,23.4,9.9,1.7,5.9
309,Scott Padgett,2006,2006,1,62,718,71,201,42,121,27,34,56,165,41,28,12,21,90,211,.353,.347,.794,11.6,3.4,2.7,0.7
310,Billy Paultz,1971,1975,5,404,13804,2583,5152,0,11,1131,1567,1166,4544,823,119,498,957,1342,6297,.501,.000,.722,34.2,15.6,11.2,2.0
311,Elliot Perry,1999,2000,2,90,1046,158,380,20,62,59,74,19,87,174,55,1,92,69,395,.416,.323,.797,11.6,4.4,1.0,1.9
312,Ron Perry,1969,1969,1,23,812,165,425,22,57,92,131,32,95,85,,,73,81,444,.388,.386,.702,35.3,19.3,4.1,3.7
313,Tim Perry,1996,1996,1,22,167,23,47,3,7,3,6,15,35,6,2,10,7,11,52,.489,.429,.500,7.6,2.4,1.6,0.3
314,Drazen Petrovic,1991,1993,3,195,6569,1466,2871,220,503,646,764,180,540,565,236,25,488,596,3798,.511,.437,.846,33.7,19.5,2.8,2.9
315,Johan Petro,2011,2012,2,136,1813,238,550,1,5,46,65,130,436,89,55,57,84,300,523,.433,.200,.708,13.3,3.8,3.2,0.7
316,Roger Phegley,1980,1980,1,28,541,126,260,2,4,73,83,26,70,32,15,4,49,52,327,.485,.500,.880,19.3,11.7,2.5,1.1
317,Eddie Phillips,1983,1983,1,48,416,56,138,0,2,40,59,27,77,29,14,8,50,58,152,.406,.000,.678,8.7,3.2,1.6,0.6
318,Paul Pierce,2014,2014,1,75,2098,321,712,112,300,256,310,26,348,178,86,31,153,190,1010,.451,.373,.826,28.0,13.5,4.6,2.4
319,Zoran Planinic,2004,2006,3,148,1584,197,486,37,128,130,192,47,198,165,58,7,120,237,561,.405,.289,.677,10.7,3.8,1.3,1.1
320,Mason Plumlee,2014,2015,2,152,3018,479,791,0,6,279,512,274,820,134,114,118,183,378,1237,.606,.000,.545,19.9,8.1,5.4,0.9
321,Howard Porter,1978,1978,1,55,1216,293,592,,,120,148,95,262,40,26,33,50,119,706,.495,,.811,22.1,12.8,4.8,0.7
322,Kevin Porter,1978,1978,1,74,2686,481,1024,,,235,307,48,199,801,118,15,348,265,1197,.470,,.765,36.3,16.2,2.7,10.8
323,Chris Quinn,2010,2010,1,25,223,20,56,10,32,6,6,1,16,29,9,1,10,15,56,.357,.313,1.000,8.9,2.2,0.6,1.2
324,Kelvin Ransey,1984,1986,3,240,5130,835,1859,12,67,388,473,102,373,1090,229,17,368,444,2070,.449,.179,.820,21.4,8.6,1.6,4.5
325,Willie Reed,2016,2016,1,14,129,29,46,0,0,7,16,17,41,2,0,9,8,19,65,.630,,.438,9.2,4.6,2.9,0.1
326,Khalid Reeves,1996,1997,2,81,1463,182,468,93,247,74,106,29,127,216,44,9,115,188,531,.389,.377,.698,18.1,6.6,1.6,2.7
327,Micheal Ray Richardson,1983,1986,4,208,7018,1399,3047,51,220,508,676,357,1029,1410,552,68,624,712,3357,.459,.232,.751,33.7,16.1,4.9,6.8
328,Rich Rinaldi,1974,1974,1,5,28,4,14,0,1,4,4,5,5,1,2,0,1,3,12,.286,.000,1.000,5.6,2.4,1.0,0.2
329,Bernard Robinson,2007,2007,1,10,37,3,8,0,0,4,5,1,6,2,4,1,0,4,10,.375,,.800,3.7,1.0,0.6,0.2
330,Clifford Robinson,2005,2007,3,159,3417,361,900,110,307,95,154,109,484,170,74,77,117,378,927,.401,.358,.617,21.5,5.8,3.0,1.1
331,Cliff Robinson,1980,1981,2,133,3483,916,1903,2,5,346,490,294,987,203,119,86,319,394,2180,.481,.400,.706,26.2,16.4,7.4,1.5
332,Rumeal Robinson,1993,1994,2,97,1886,312,757,27,71,122,215,53,183,368,111,15,165,202,773,.412,.380,.567,19.4,8.0,1.9,3.8
333,Thomas Robinson,2016,2016,1,28,262,38,72,0,0,11,24,33,97,3,10,16,20,32,87,.528,,.458,9.4,3.1,3.5,0.1
334,John Roche,1972,1974,3,209,6462,1031,2228,72,206,601,772,94,377,815,41,6,501,467,2735,.463,.350,.778,30.9,13.1,1.8,3.9
335,Rodney Rogers,2003,2004,2,137,2712,390,960,94,284,143,188,161,570,244,109,58,189,375,1017,.406,.331,.761,19.8,7.4,4.2,1.8
336,Quinton Ross,2011,2011,1,36,353,26,59,0,3,5,14,10,30,10,3,6,7,40,57,.441,.000,.357,9.8,1.6,0.8,0.3
337,Soumaila Samake,2001,2001,1,34,226,18,48,0,0,10,24,22,53,1,2,14,4,23,46,.375,,.417,6.6,1.4,1.6,0.0
338,Wayne Sappleton,1985,1985,1,33,298,41,87,0,0,14,34,28,75,7,7,4,21,50,96,.471,,.412,9.0,2.9,2.3,0.2
339,Brian Scalabrine,2002,2005,4,210,3109,309,786,49,158,152,190,177,609,220,80,52,178,340,819,.393,.310,.800,14.8,3.9,2.9,1.0
340,Billy Schaeffer,1974,1976,3,106,1270,263,552,6,25,64,88,74,200,66,39,13,78,191,596,.476,.240,.727,12.0,5.6,1.9,0.6
341,Dwayne Schintzius,1993,1995,3,78,672,72,199,0,0,19,31,57,178,30,12,36,30,98,163,.362,,.613,8.6,2.1,2.3,0.4
342,Rony Seikaly,1998,1999,2,18,240,17,61,0,0,23,45,21,57,10,7,10,22,42,57,.279,,.511,13.3,3.2,3.2,0.6
343,Charles Shackleford,1989,1990,2,130,2041,330,703,0,2,100,157,230,632,77,55,53,143,254,760,.469,.000,.637,15.7,5.8,4.9,0.6
344,Tornike Shengelia,2013,2014,2,36,230,21,47,1,8,12,24,13,37,15,5,2,22,27,55,.447,.125,.500,6.4,1.5,1.0,0.4
345,Purvis Short,1990,1990,1,82,2213,432,950,10,35,198,237,101,248,145,66,20,119,202,1072,.455,.286,.835,27.0,13.1,3.0,1.8
346,Bobby Simmons,2009,2010,2,94,2124,240,558,137,325,61,78,83,340,107,65,13,81,238,678,.430,.422,.782,22.6,7.2,3.6,1.1
347,Walter Simon,1968,1970,3,227,7964,1457,3281,8,62,712,1021,333,1552,740,,,553,857,3634,.444,.129,.697,35.1,16.0,6.8,3.3
348,Ralph Simpson,1979,1980,2,40,608,105,284,0,2,53,81,25,72,82,21,4,65,33,263,.370,.000,.654,15.2,6.6,1.8,2.1
349,Al Skinner,1975,1979,5,244,5722,938,2081,3,11,617,753,276,884,772,258,123,304,729,2496,.451,.273,.819,23.5,10.2,3.6,3.2
350,Reggie Slater,2002,2002,1,4,10,2,2,0,0,1,1,0,2,0,0,0,1,1,5,1.000,,1.000,2.5,1.3,0.5,0.0
351,Tamar Slay,2003,2004,2,58,439,60,163,11,37,14,24,18,56,28,21,4,31,51,145,.368,.297,.583,7.6,2.5,1.0,0.5
352,Donald Sloan,2016,2016,1,13,136,14,34,0,3,4,5,4,20,29,4,0,10,9,32,.412,.000,.800,10.5,2.5,1.5,2.2
353,Jabari Smith,2005,2005,1,45,648,62,148,1,2,41,55,29,111,38,25,14,39,103,166,.419,.500,.745,14.4,3.7,2.5,0.8
354,Jerry Smith,2012,2012,1,5,46,3,14,1,6,0,0,2,7,4,5,0,0,5,7,.214,.167,,9.2,1.4,1.4,0.8
355,Joe Smith,2011,2011,1,4,25,1,4,0,0,0,0,1,3,1,0,0,2,3,2,.250,,,6.3,0.5,0.8,0.3
356,John Smith,1970,1970,1,16,165,9,40,0,1,5,7,27,60,3,,,13,30,23,.225,.000,.714,10.3,1.4,3.8,0.2
357,Robert Smith,1980,1980,1,59,736,113,254,8,26,75,87,17,76,85,22,4,52,102,309,.445,.308,.862,12.5,5.2,1.3,1.4
358,Willard Sojourner,1974,1975,2,161,2336,357,743,1,6,103,134,204,610,96,40,152,148,395,818,.480,.167,.769,14.5,5.1,3.8,0.6
359,Willie Somerset,1969,1969,1,31,1325,282,657,19,64,164,200,62,135,106,,,92,103,747,.429,.297,.820,42.7,24.1,4.4,3.4
360,Rory Sparrow,1981,1981,1,15,212,22,63,0,0,12,16,7,18,32,13,3,18,15,56,.349,,.750,14.1,3.7,1.2,2.1
361,Bruce Spraggins,1968,1968,1,70,1590,306,686,2,5,238,336,,329,66,,,81,173,852,.446,.400,.708,22.7,12.2,4.7,0.9
362,Jerry Stackhouse,2013,2013,1,37,544,66,172,30,89,20,23,5,33,35,7,4,24,31,182,.384,.337,.870,14.7,4.9,0.9,0.9
363,Vladimir Stepania,2001,2001,1,29,280,28,88,1,4,25,34,35,109,16,10,11,19,47,82,.318,.250,.735,9.7,2.8,3.8,0.6
364,DeShawn Stevenson,2012,2012,1,51,960,49,172,41,145,9,16,7,101,41,19,4,19,59,148,.285,.283,.563,18.8,2.9,2.0,0.8
365,Awvee Storey,2005,2005,1,9,32,3,10,1,2,1,2,4,5,1,0,0,0,3,8,.300,.500,.500,3.6,0.9,0.6,0.1
366,Mark Strickland,2001,2001,1,9,202,21,54,1,1,8,11,11,41,7,4,3,10,14,51,.389,1.000,.727,22.4,5.7,4.6,0.8
367,Stromile Swift,2008,2009,2,27,359,51,103,0,0,26,39,23,83,5,5,20,19,54,128,.495,,.667,13.3,4.7,3.1,0.2
368,Levern Tart,1968,1971,4,173,6200,1350,2925,15,48,812,1028,372,900,526,,,505,526,3527,.462,.313,.790,35.8,20.4,5.2,3.0
369,Brian Taylor,1973,1976,4,271,8887,1584,3173,54,176,582,772,325,811,1002,500,70,606,765,3804,.499,.307,.754,32.8,14.0,3.0,3.7
370,Jay Taylor,1990,1990,1,17,114,21,52,3,13,6,9,5,11,5,5,3,10,9,51,.404,.231,.667,6.7,3.0,0.6,0.3
371,Oliver Taylor,1971,1974,3,170,3584,505,1062,6,19,414,600,244,651,309,3,0,324,453,1430,.476,.316,.690,21.1,8.4,3.8,1.8
372,Ronald Taylor,1970,1970,1,72,873,153,318,0,0,54,97,119,286,64,,,120,207,360,.481,,.557,12.1,5.0,4.0,0.9
373,Tyshawn Taylor,2013,2014,2,61,491,63,178,9,25,39,57,5,33,57,25,1,56,54,174,.354,.360,.684,8.0,2.9,0.5,0.9
374,Marquis Teague,2014,2014,1,21,201,22,53,3,8,15,19,0,21,30,8,1,22,21,62,.415,.375,.789,9.6,3.0,1.0,1.4
375,Mirza Teletovic,2013,2015,3,165,2787,414,1033,235,650,86,119,120,555,126,56,47,127,270,1149,.401,.362,.723,16.9,7.0,3.4,0.8
376,Chuck Terry,1976,1977,2,127,2045,224,564,6,21,70,91,88,287,77,94,16,21,236,524,.397,.286,.769,16.1,4.1,2.3,0.6
377,Jason Terry,2014,2014,1,35,570,55,152,39,103,10,15,4,37,56,13,0,27,48,159,.362,.379,.667,16.3,4.5,1.1,1.6
378,Reggie Theus,1991,1991,1,81,2955,583,1247,52,144,292,343,69,229,378,85,35,252,231,1510,.468,.361,.851,36.5,18.6,2.8,4.7
379,Billy Thomas,2005,2008,2,29,364,34,97,17,59,9,11,7,36,17,14,1,10,29,94,.351,.288,.818,12.6,3.2,1.2,0.6
380,Jamel Thomas,2001,2001,1,5,56,6,19,1,3,0,0,4,9,0,3,0,6,6,13,.316,.333,,11.2,2.6,1.8,0.0
381,John Thomas,2006,2006,1,2,36,1,6,0,0,0,0,7,10,0,1,1,2,4,2,.167,,,18.0,1.0,5.0,0.0
382,Marcus Thornton,2014,2014,1,26,620,110,266,52,137,48,60,18,74,30,27,3,29,36,320,.414,.380,.800,23.8,12.3,2.8,1.2
383,Ray Tolbert,1982,1982,1,12,115,20,44,0,1,4,8,11,27,8,4,2,12,19,44,.455,.000,.500,9.6,3.7,2.3,0.7
384,Jeff Turner,1985,1987,3,201,3082,406,873,0,5,213,274,213,552,182,83,23,220,568,1025,.465,.000,.777,15.3,5.1,2.7,0.9
385,Ben Uzoh,2011,2011,1,42,438,61,144,3,8,33,56,30,61,69,13,8,25,29,158,.424,.375,.589,10.4,3.8,1.5,1.6
386,Jan Van Breda Kolff,1977,1983,7,434,10155,932,2123,9,30,723,888,500,1778,815,363,329,506,1225,2596,.439,.300,.814,23.4,6.0,4.1,1.9
387,Keith Van Horn,1998,2002,5,314,10881,2106,4853,335,968,1153,1377,671,2398,575,274,200,791,979,5700,.434,.346,.837,34.7,18.2,7.6,1.8
388,David Vaughn,1998,1999,2,25,264,32,57,0,0,14,19,32,83,3,7,12,20,56,78,.561,,.737,10.6,3.1,3.3,0.1
389,Jacque Vaughn,2005,2006,2,151,2644,253,570,6,21,135,172,33,198,258,83,2,114,278,647,.444,.286,.785,17.5,4.3,1.3,1.7
390,Bob Verga,1969,1969,1,24,521,99,273,5,18,103,144,27,68,41,,,51,68,306,.363,.278,.715,21.7,12.8,2.8,1.7
391,Sasha Vujacic,2011,2011,1,56,1594,231,572,94,255,80,94,29,182,127,53,5,61,129,636,.404,.369,.851,28.5,11.4,3.3,2.3
392,Foots Walker,1981,1984,4,231,4799,374,887,9,35,369,481,91,419,996,270,13,327,455,1126,.422,.257,.767,20.8,4.9,1.8,4.3
393,Gerald Wallace,2012,2013,2,85,2649,266,660,66,215,176,254,93,428,230,120,57,137,156,774,.403,.307,.693,31.2,9.1,5.0,2.7
394,Jamie Waller,1988,1988,1,9,91,16,40,0,2,10,18,9,13,3,4,1,11,13,42,.400,.000,.556,10.1,4.7,1.4,0.3
395,Rex Walters,1994,1996,3,139,1908,278,617,88,236,74,92,26,138,203,55,19,108,180,718,.451,.373,.804,13.7,5.2,1.0,1.5
396,Duane Washington,1988,1988,1,15,156,18,42,2,4,16,20,5,22,34,12,0,9,23,54,.429,.500,.800,10.4,3.6,1.5,2.3
397,Pearl Washington,1987,1988,2,140,2979,502,1085,15,73,230,314,91,247,507,183,11,316,347,1249,.463,.205,.732,21.3,8.9,1.8,3.6
398,Trooper Washington,1972,1973,2,156,4537,616,1103,0,0,170,267,455,1303,364,,,371,533,1402,.558,,.637,29.1,9.0,8.4,2.3
399,Wilson Washington,1978,1979,2,86,1662,310,621,,,92,151,136,436,56,48,102,151,258,712,.499,,.609,19.3,8.3,5.1,0.7
400,C.J. Watson,2013,2013,1,80,1521,192,459,88,214,71,91,38,145,161,66,12,69,123,543,.418,.411,.780,19.0,6.8,1.8,2.0
401,Elnardo Webster,1972,1972,1,8,14,3,6,0,0,0,2,0,1,1,,,2,2,6,.500,,.000,1.8,0.8,0.1,0.1
402,Robert Werdann,1996,1997,2,19,124,19,39,0,0,10,16,8,29,2,7,4,8,27,48,.487,,.625,6.5,2.5,1.5,0.1
403,David Wesley,1994,1994,1,60,542,64,174,11,47,44,53,10,44,123,38,4,52,47,183,.368,.234,.830,9.0,3.1,0.7,2.1
404,Dexter Westbrook,1968,1968,1,7,59,12,19,0,0,7,9,,9,2,,,7,16,31,.632,,.778,8.4,4.4,1.3,0.3
405,Mario West,2011,2011,1,6,116,9,21,1,4,3,5,2,11,10,7,0,2,13,22,.429,.250,.600,19.3,3.7,1.8,1.7
406,Hank Whitney,1968,1969,2,68,1802,321,800,0,0,217,302,64,658,94,,,105,248,859,.401,,.719,26.5,12.6,9.7,1.4
407,Ken Wilburn,1969,1969,1,4,22,2,8,0,0,6,9,1,4,2,,,4,6,10,.250,,.667,5.5,2.5,1.0,0.5
408,John Williamson,1974,1980,7,405,12321,2957,6388,21,85,1267,1528,322,1028,1142,444,120,918,1200,7202,.463,.247,.829,30.4,17.8,2.5,2.8
409,Aaron Williams,2001,2005,5,336,6966,913,1897,1,8,590,791,571,1585,340,153,297,396,949,2417,.481,.125,.746,20.7,7.2,4.7,1.0
410,Buck Williams,1982,1989,8,635,23100,3981,7234,2,20,2476,3818,2588,7576,976,599,696,1811,2244,10440,.550,.100,.649,36.4,16.4,11.9,1.5
411,Deron Williams,2011,2015,5,277,9470,1565,3741,485,1353,994,1189,104,875,2078,314,83,777,658,4609,.418,.358,.836,34.2,16.6,3.2,7.5
412,Earl Williams,1977,1977,1,1,7,0,2,,,3,6,1,2,1,0,1,,2,3,.000,,.500,7.0,3.0,2.0,1.0
413,Eric Williams,2005,2005,1,21,739,87,185,17,40,74,108,28,95,42,16,2,34,80,265,.470,.425,.685,35.2,12.6,4.5,2.0
414,Jayson Williams,1993,1999,7,373,8651,1213,2725,2,22,656,1092,1484,3328,259,175,275,431,1082,3084,.445,.091,.601,23.2,8.3,8.9,0.7
415,Jordan Williams,2012,2012,1,43,635,77,152,0,0,43,66,66,156,11,21,15,23,61,197,.507,,.652,14.8,4.6,3.6,0.3
416,Kevin Williams,1989,1989,1,41,433,67,168,1,6,40,51,19,50,36,25,8,42,74,175,.399,.167,.784,10.6,4.3,1.2,0.9
417,Marcus Williams,2007,2008,2,132,2169,319,819,100,305,109,132,43,264,400,54,5,217,148,847,.389,.328,.826,16.4,6.4,2.0,3.0
418,Ray Williams,1982,1987,3,119,3595,780,1705,16,84,448,539,146,404,682,242,52,393,425,2024,.457,.190,.831,30.2,17.0,3.4,5.7
419,Reggie Williams,1997,1997,1,11,167,27,67,9,33,8,10,4,24,8,8,4,10,28,71,.403,.273,.800,15.2,6.5,2.2,0.7
420,Sean Williams,2008,2010,3,126,1871,215,426,0,1,111,184,170,447,42,43,154,110,306,541,.505,.000,.603,14.8,4.3,3.5,0.3
421,Shawne Williams,2012,2012,1,25,514,42,147,21,87,8,11,20,68,16,10,11,13,44,113,.286,.241,.727,20.6,4.5,2.7,0.6
422,Shelden Williams,2012,2012,1,58,1276,96,201,0,0,76,104,141,350,35,47,39,66,149,268,.478,,.731,22.0,4.6,6.0,0.6
423,Terrence Williams,2010,2011,2,88,1970,290,724,35,112,108,154,49,384,254,48,10,149,147,723,.401,.313,.701,22.4,8.2,4.4,2.9
424,Bill Willoughby,1983,1984,2,77,1020,135,287,0,8,57,65,77,204,64,24,25,58,122,327,.470,.000,.877,13.2,4.2,2.6,0.8
425,Michael Wilson,1985,1987,2,13,135,12,31,0,0,6,8,5,17,17,5,2,9,16,30,.387,,.750,10.4,2.3,1.3,1.3
426,Ricky Wilson,1988,1988,1,6,47,7,11,1,1,6,11,1,1,6,6,0,4,6,21,.636,1.000,.545,7.8,3.5,0.2,1.0
427,Dave Wohl,1977,1978,2,47,1042,121,307,,,68,97,16,80,140,42,6,16,121,310,.394,,.701,22.2,6.6,1.7,3.0
428,Mike Woodson,1982,1982,1,7,145,30,68,0,1,23,32,5,13,16,7,2,9,21,83,.441,.000,.719,20.7,11.9,1.9,2.3
429,Leon Wood,1987,1990,2,104,1933,203,550,64,221,137,170,24,132,417,54,3,116,142,607,.369,.290,.806,18.6,5.8,1.3,4.0
430,Orlando Woolridge,1987,1988,2,94,3260,666,1314,1,10,530,694,149,458,332,67,106,261,316,1863,.507,.100,.764,34.7,19.8,4.9,3.5
431,Willie Worsley,1969,1969,1,24,460,36,123,10,30,63,84,6,35,39,,,32,48,145,.293,.333,.750,19.2,6.0,1.5,1.6
432,Antoine Wright,2006,2008,3,143,2563,254,619,47,175,96,153,81,330,134,60,30,103,267,651,.410,.269,.627,17.9,4.6,2.3,0.9
433,Brandan Wright,2011,2011,1,16,184,22,54,0,0,14,17,17,48,7,8,7,4,15,58,.407,,.824,11.5,3.6,3.0,0.4
434,Thaddeus Young,2015,2016,2,61,1904,397,778,22,64,92,152,145,468,87,91,20,100,136,908,.510,.344,.605,31.2,14.9,7.7,1.4
435,Gary Zeller,1972,1972,1,12,82,7,30,0,1,4,6,5,10,2,,,9,16,18,.233,.000,.667,6.8,1.5,0.8,0.2
436,Derrick Zimmerman,2006,2006,1,2,32,2,3,0,0,0,0,1,4,7,0,0,4,4,4,.667,,,16.0,2.0,2.0,3.5